Workbook

Sheet Charts
A1: Task 2.1 Part 2: model charts
A2: Native Excel charts linked to the Predictions, Model and Metrics sheets.

Sheet Predictions
A1: match_id | B1: home_team | C1: away_team | D1: cv_fold | E1: fifa_rank_diff | F1: elo_diff | G1: log_value_diff | H1: host_diff | I1: age_diff | J1: caps_diff | K1: rest_days_diff | L1: goals_conceded_diff | M1: goal_diff (actual) | N1: fitted (all 104) | O1: cv_predicted | P1: cv_residual | Q1: cv_baseline_pred | R1: cv_elo_pred | T1: Blue = values from task2.1_part2.py (10-fold cross-validation, KFold shuffle, random_state = 42).
A2: 1 | B2: Mexico | C2: South Africa | D2: 1 | E2: -46 | F2: 190 | G2: 1.3598044 | H2: 1 | I2: 1.0922972 | J2: 699 | K2: 0 | L2: 0 | M2: 2 | N2: =Model!$B$5+SUMPRODUCT(E2:L2,Model!$C$5:$J$5) -> 1.9126734 | O2: 2.2429202 | P2: =M2-O2 -> -0.2429202 | Q2: 0.48387097 | R2: 1.2165476 | T2: Black = Excel formulas.
A3: 2 | B3: South Korea | C3: Czechia | D3: 9 | E3: -18 | F3: 60 | G3: -0.30256537 | H3: 0 | I3: 0.44490075 | J3: 236 | K3: 0 | L3: 0 | M3: 1 | N3: =Model!$B$5+SUMPRODUCT(E3:L3,Model!$C$5:$J$5) -> -0.038003864 | O3: -0.0030797362 | P3: =M3-O3 -> 1.0030797 | Q3: 0.57446809 | R3: 0.54969503
A4: 3 | B4: Canada | C4: Bosnia and Herzegovina | D4: 9 | E4: -31 | F4: 150 | G4: 0.30520188 | H4: 1 | I4: 0.51619018 | J4: 360 | K4: 0 | L4: 0 | M4: 0 | N4: =Model!$B$5+SUMPRODUCT(E4:L4,Model!$C$5:$J$5) -> 1.445593 | O4: 1.5803691 | P4: =M4-O4 -> -1.5803691 | Q4: 0.57446809 | R4: 1.0486951
A5: 4 | B5: USA | C5: Paraguay | D5: 6 | E5: -37 | F5: 125 | G5: 0.92012327 | H5: 1 | I5: -2.0976149 | J5: 272 | K5: 0 | L5: 0 | M5: 3 | N5: =Model!$B$5+SUMPRODUCT(E5:L5,Model!$C$5:$J$5) -> 1.0801952 | O5: 0.77345371 | P5: =M5-O5 -> 2.2265463 | Q5: 0.40425532 | R5: 0.79008973
A6: 5 | B6: Qatar | C6: Switzerland | D6: 2 | E6: 37 | F6: -260 | G6: -2.8144137 | H6: 0 | I6: 1.2006529 | J6: 438 | K6: 0 | L6: 0 | M6: 0 | N6: =Model!$B$5+SUMPRODUCT(E6:L6,Model!$C$5:$J$5) -> -2.0931301 | O6: -2.0385664 | P6: =M6-O6 -> 2.0385664 | Q6: 0.46236559 | R6: -1.4513302
A7: 6 | B7: Brazil | C7: Morocco | D7: 4 | E7: -1 | F7: 110 | G7: 0.74515498 | H7: 0 | I7: 2.764071 | J7: 209 | K7: 0 | L7: 0 | M7: 0 | N7: =Model!$B$5+SUMPRODUCT(E7:L7,Model!$C$5:$J$5) -> 1.3238383 | O7: 1.4933206 | P7: =M7-O7 -> -1.4933206 | Q7: 0.50537634 | R7: 0.78919785
A8: 7 | B8: Haiti | C8: Scotland | D8: 6 | E8: 44 | F8: -190 | G8: -1.1137036 | H8: 0 | I8: -1.6943084 | J8: -346 | K8: 0 | L8: 0 | M8: -1 | N8: =Model!$B$5+SUMPRODUCT(E8:L8,Model!$C$5:$J$5) -> -1.0409023 | O8: -0.85576128 | P8: =M8-O8 -> -0.14423872 | Q8: 0.40425532 | R8: -0.8385
A9: 8 | B9: Australia | C9: Türkiye | D9: 5 | E9: 1 | F9: 10 | G9: -1.8109416 | H9: 0 | I9: -0.3127468 | J9: -238 | K9: 0 | L9: 0 | M9: 2 | N9: =Model!$B$5+SUMPRODUCT(E9:L9,Model!$C$5:$J$5) -> -0.68563038 | O9: -1.1886664 | P9: =M9-O9 -> 3.1886664 | Q9: 0.40425532 | R9: 0.13482013
A10: 9 | B10: Germany | C10: Curaçao | D10: 6 | E10: -72 | F10: 450 | G10: 3.6037001 | H10: 0 | I10: 0.025798979 | J10: 225 | K10: 0 | L10: 0 | M10: 6 | N10: =Model!$B$5+SUMPRODUCT(E10:L10,Model!$C$5:$J$5) -> 2.8795017 | O10: 2.5308699 | P10: =M10-O10 -> 3.4691301 | Q10: 0.40425532 | R10: 2.4703807
A11: 10 | B11: Netherlands | C11: Japan | D11: 3 | E11: -10 | F11: 100 | G11: 1.0240924 | H11: 0 | I11: 0.27926078 | J11: 54 | K11: 0 | L11: 0 | M11: 0 | N11: =Model!$B$5+SUMPRODUCT(E11:L11,Model!$C$5:$J$5) -> 0.90973497 | O11: 0.84787559 | P11: =M11-O11 -> -0.84787559 | Q11: 0.38709677 | R11: 0.67397541
A12: 11 | B12: Côte d'Ivoire | C12: Ecuador | D12: 1 | E12: 15 | F12: -120 | G12: 0.34787584 | H12: 0 | I12: -0.22861054 | J12: -63 | K12: 0 | L12: 0 | M12: 1 | N12: =Model!$B$5+SUMPRODUCT(E12:L12,Model!$C$5:$J$5) -> -0.057495938 | O12: 0.0021576124 | P12: =M12-O12 -> 0.99784239 | Q12: 0.48387097 | R12: -0.51627172
A13: 12 | B13: Sweden | C13: Tunisia | D13: 3 | E13: -20 | F13: 105 | G13: 1.7587695 | H13: 0 | I13: 0.91244143 | J13: -65 | K13: 0 | L13: 0 | M13: 4 | N13: =Model!$B$5+SUMPRODUCT(E13:L13,Model!$C$5:$J$5) -> 1.5200217 | O13: 1.4238002 | P13: =M13-O13 -> 2.5761998 | Q13: 0.38709677 | R13: 0.70133922
A14: 13 | B14: Spain | C14: Cabo Verde | D14: 2 | E14: -65 | F14: 480 | G14: 3.2096968 | H14: 0 | I14: -2.9289738 | J14: -83 | K14: 0 | L14: 0 | M14: 0 | N14: =Model!$B$5+SUMPRODUCT(E14:L14,Model!$C$5:$J$5) -> 2.3197666 | O14: 2.5716465 | P14: =M14-O14 -> -2.5716465 | Q14: 0.46236559 | R14: 2.9770674
... A105: 104 | B105: Spain | C105: Argentina | D105: 3 | E105: 1 | F105: -30 | G105: 0.41266308 | H105: 0 | I105: -2.3707682 | J105: -509 | K105: 1 | L105: -0.85714286 | M105: 1 | N105: =Model!$B$5+SUMPRODUCT(E105:L105,Model!$C$5:$J$5) -> 0.22541924 | O105: 0.19923502 | P105: =M105-O105 -> 0.80076498 | Q105: 0.38709677 | R105: -0.037483604

Sheet Model
A1: OLS linear regression on all 104 matches (fitted in Python, task2.1_part2.py)
A2: Blue values are copied from the Python output. Black values are Excel formulas.
B4: Intercept | C4: fifa_rank_diff | D4: elo_diff | E4: log_value_diff | F4: host_diff | G4: age_diff | H4: caps_diff | I4: rest_days_diff | J4: goals_conceded_diff
A5: Coefficient | B5: 0.08604056 | C5: 0.003936771 | D5: 0.0031376384 | E5: 0.51244937 | F5: 1.0268606 | G5: 0.24946427 | H5: -0.00083634857 | I5: 0.080143971 | J5: -0.12095848
A6: Standard error | B6: 0.15788507 | C6: 0.014556793 | D6: 0.0021935527 | E6: 0.1993783 | F6: 0.45355718 | G6: 0.14235004 | H6: 0.00076308819 | I6: 0.25762462 | J6: 0.12313852
A7: p-value | B7: 0.58706023 | C7: 0.78740676 | D7: 0.15588572 | E7: 0.011716893 | F7: 0.025847734 | G7: 0.082919307 | H7: 0.2758472 | I7: 0.75641518 | J7: 0.3284491
A8: 95% CI low | B8: -0.22740093 | C8: -0.024962117 | D8: -0.0012171144 | E8: 0.11663339 | F8: 0.12643571 | G8: -0.033136291 | H8: -0.0023512702 | I8: -0.43130556 | J8: -0.36541936
A9: 95% CI high | B9: 0.39948205 | C9: 0.03283566 | D9: 0.0074923912 | E9: 0.90826534 | F9: 1.9272854 | G9: 0.53206484 | H9: 0.00067857303 | I9: 0.5915935 | J9: 0.1235024
A10: Standard deviation of the variable | C10: =STDEV(Predictions!E$2:E$105) -> 33.654152 | D10: =STDEV(Predictions!F$2:F$105) -> 236.67244 | E10: =STDEV(Predictions!G$2:G$105) -> 1.677114 | F10: =STDEV(Predictions!H$2:H$105) -> 0.34876824 | G10: =STDEV(Predictions!I$2:I$105) -> 1.474059 | H10: =STDEV(Predictions!J$2:J$105) -> 307.59653 | I10: =STDEV(Predictions!K$2:K$105) -> 0.57551484 | J10: =STDEV(Predictions!L$2:L$105) -> 1.2708775
A11: Standardised coefficient (= coefficient × SD) | C11: =C5*C10 -> 0.13248869 | D11: =D5*D10 -> 0.74259255 | E11: =E5*E10 -> 0.85943602 | F11: =F5*F10 -> 0.35813635 | G11: =G5*G10 -> 0.36772507 | H11: =H5*H10 -> -0.25725792 | I11: =I5*I10 -> 0.046124044 | J11: =J5*J10 -> -0.15372341
A12: Standardised 95% CI low | C12: =C8*C10 -> -0.84007889 | D12: =D8*D10 -> -0.28805742 | E12: =E8*E10 -> 0.19560749 | F12: =F8*F10 -> 0.044096761 | G12: =G8*G10 -> -0.048844849 | H12: =H8*H10 -> -0.72324255 | I12: =I8*I10 -> -0.24822275 | J12: =J8*J10 -> -0.46440325
A13: Standardised 95% CI high | C13: =C9*C10 -> 1.1050563 | D13: =D9*D10 -> 1.7732425 | E13: =E9*E10 -> 1.5232646 | F13: =F9*F10 -> 0.67217593 | G13: =G9*G10 -> 0.78429498 | H13: =H9*H10 -> 0.20872671 | I13: =I9*I10 -> 0.34047084 | J13: =J9*J10 -> 0.15695642
A15: Fit statistics
A16: Matches (n) | B16: =COUNT(Predictions!$M$2:$M$105) -> 104
A17: R² (from statsmodels) | B17: 0.51063457
A18: R² recomputed from the fitted values | B18: =1-SUMPRODUCT((Predictions!$M$2:$M$105-Predictions!$N$2:$N$105)^2)/DEVSQ(Predictions!$M$2:$M$105) -> 0.51063457
A19: Adjusted R² | B19: 0.46942485
A20: F-test p-value | B20: 5.1685322e-12
A21: Breusch–Pagan p-value (constant variance) | B21: 0.76908834
A22: Jarque–Bera p-value (normal residuals) | B22: 0.71038525
A24: Standardised coefficients sorted by size (data for the coefficient chart)
A25: Variable | B25: Std. coefficient | C25: Std. 95% CI low | D25: Std. 95% CI high | E25: p-value | F25: Error bar (−) | G25: Error bar (+)
A26: log_value_diff | B26: =INDEX($C$11:$J$11,MATCH($A26,$C$4:$J$4,0)) -> 0.85943602 | C26: =INDEX($C$12:$J$12,MATCH($A26,$C$4:$J$4,0)) -> 0.19560749 | D26: =INDEX($C$13:$J$13,MATCH($A26,$C$4:$J$4,0)) -> 1.5232646 | E26: =INDEX($C$7:$J$7,MATCH($A26,$C$4:$J$4,0)) -> 0.011716893 | F26: =B26-C26 -> 0.66382853 | G26: =D26-B26 -> 0.66382853
A27: elo_diff | B27: =INDEX($C$11:$J$11,MATCH($A27,$C$4:$J$4,0)) -> 0.74259255 | C27: =INDEX($C$12:$J$12,MATCH($A27,$C$4:$J$4,0)) -> -0.28805742 | D27: =INDEX($C$13:$J$13,MATCH($A27,$C$4:$J$4,0)) -> 1.7732425 | E27: =INDEX($C$7:$J$7,MATCH($A27,$C$4:$J$4,0)) -> 0.15588572 | F27: =B27-C27 -> 1.03065 | G27: =D27-B27 -> 1.03065
A28: age_diff | B28: =INDEX($C$11:$J$11,MATCH($A28,$C$4:$J$4,0)) -> 0.36772507 | C28: =INDEX($C$12:$J$12,MATCH($A28,$C$4:$J$4,0)) -> -0.048844849 | D28: =INDEX($C$13:$J$13,MATCH($A28,$C$4:$J$4,0)) -> 0.78429498 | E28: =INDEX($C$7:$J$7,MATCH($A28,$C$4:$J$4,0)) -> 0.082919307 | F28: =B28-C28 -> 0.41656991 | G28: =D28-B28 -> 0.41656991
A29: host_diff | B29: =INDEX($C$11:$J$11,MATCH($A29,$C$4:$J$4,0)) -> 0.35813635 | C29: =INDEX($C$12:$J$12,MATCH($A29,$C$4:$J$4,0)) -> 0.044096761 | D29: =INDEX($C$13:$J$13,MATCH($A29,$C$4:$J$4,0)) -> 0.67217593 | E29: =INDEX($C$7:$J$7,MATCH($A29,$C$4:$J$4,0)) -> 0.025847734 | F29: =B29-C29 -> 0.31403959 | G29: =D29-B29 -> 0.31403959
A30: caps_diff | B30: =INDEX($C$11:$J$11,MATCH($A30,$C$4:$J$4,0)) -> -0.25725792 | C30: =INDEX($C$12:$J$12,MATCH($A30,$C$4:$J$4,0)) -> -0.72324255 | D30: =INDEX($C$13:$J$13,MATCH($A30,$C$4:$J$4,0)) -> 0.20872671 | E30: =INDEX($C$7:$J$7,MATCH($A30,$C$4:$J$4,0)) -> 0.2758472 | F30: =B30-C30 -> 0.46598463 | G30: =D30-B30 -> 0.46598463
A31: goals_conceded_diff | B31: =INDEX($C$11:$J$11,MATCH($A31,$C$4:$J$4,0)) -> -0.15372341 | C31: =INDEX($C$12:$J$12,MATCH($A31,$C$4:$J$4,0)) -> -0.46440325 | D31: =INDEX($C$13:$J$13,MATCH($A31,$C$4:$J$4,0)) -> 0.15695642 | E31: =INDEX($C$7:$J$7,MATCH($A31,$C$4:$J$4,0)) -> 0.3284491 | F31: =B31-C31 -> 0.31067984 | G31: =D31-B31 -> 0.31067984
A32: fifa_rank_diff | B32: =INDEX($C$11:$J$11,MATCH($A32,$C$4:$J$4,0)) -> 0.13248869 | C32: =INDEX($C$12:$J$12,MATCH($A32,$C$4:$J$4,0)) -> -0.84007889 | D32: =INDEX($C$13:$J$13,MATCH($A32,$C$4:$J$4,0)) -> 1.1050563 | E32: =INDEX($C$7:$J$7,MATCH($A32,$C$4:$J$4,0)) -> 0.78740676 | F32: =B32-C32 -> 0.97256759 | G32: =D32-B32 -> 0.97256759
A33: rest_days_diff | B33: =INDEX($C$11:$J$11,MATCH($A33,$C$4:$J$4,0)) -> 0.046124044 | C33: =INDEX($C$12:$J$12,MATCH($A33,$C$4:$J$4,0)) -> -0.24822275 | D33: =INDEX($C$13:$J$13,MATCH($A33,$C$4:$J$4,0)) -> 0.34047084 | E33: =INDEX($C$7:$J$7,MATCH($A33,$C$4:$J$4,0)) -> 0.75641518 | F33: =B33-C33 -> 0.29434679 | G33: =D33-B33 -> 0.29434679

Sheet Metrics
A1: Out-of-sample accuracy (10-fold cross-validation, all 104 matches)
A2: Formulas on the cross-validated predictions in the Predictions sheet.
A4: Model | B4: MAE | C4: RMSE | D4: R²
A5: Mean-only baseline | B5: =SUMPRODUCT(ABS(Predictions!$M$2:$M$105-Predictions!$Q$2:$Q$105))/COUNT(Predictions!$M$2:$M$105) -> 1.5867364 | C5: =SQRT(SUMPRODUCT((Predictions!$M$2:$M$105-Predictions!$Q$2:$Q$105)^2)/COUNT(Predictions!$M$2:$M$105)) -> 2.0368988 | D5: =1-SUMPRODUCT((Predictions!$M$2:$M$105-Predictions!$Q$2:$Q$105)^2)/DEVSQ(Predictions!$M$2:$M$105) -> -0.022584873
A6: Elo gap only (1 variable) | B6: =SUMPRODUCT(ABS(Predictions!$M$2:$M$105-Predictions!$R$2:$R$105))/COUNT(Predictions!$M$2:$M$105) -> 1.2260201 | C6: =SQRT(SUMPRODUCT((Predictions!$M$2:$M$105-Predictions!$R$2:$R$105)^2)/COUNT(Predictions!$M$2:$M$105)) -> 1.5552482 | D6: =1-SUMPRODUCT((Predictions!$M$2:$M$105-Predictions!$R$2:$R$105)^2)/DEVSQ(Predictions!$M$2:$M$105) -> 0.40384406
A7: Full model (8 variables) | B7: =SUMPRODUCT(ABS(Predictions!$M$2:$M$105-Predictions!$O$2:$O$105))/COUNT(Predictions!$M$2:$M$105) -> 1.2224156 | C7: =SQRT(SUMPRODUCT((Predictions!$M$2:$M$105-Predictions!$O$2:$O$105)^2)/COUNT(Predictions!$M$2:$M$105)) -> 1.5780299 | D7: =1-SUMPRODUCT((Predictions!$M$2:$M$105-Predictions!$O$2:$O$105)^2)/DEVSQ(Predictions!$M$2:$M$105) -> 0.38625078
A9: MAE reduction vs mean-only baseline | B9: =1-B7/B5 -> 0.22960387
A10: RMSE reduction vs mean-only baseline | C10: =1-C7/C5 -> 0.22527817
A12: Result accuracy (predicted margin within ±0.5 = draw)
A13: Full model (8 variables) | B13: =SUMPRODUCT((Predictions!$O$2:$O$105>0.5)*(Predictions!$M$2:$M$105>0)+(Predictions!$O$2:$O$105<-0.5)*(Predictions!$M$2:$M$105<0)+(ABS(Predictions!$O$2:$O$105)<=0.5)*(Predictions!$M$2:$M$105=0))/COUNT(Predictions!$M$2:$M$105) -> 0.625
A14: Always pick the home (first-listed) team | B14: =COUNTIF(Predictions!$M$2:$M$105,">0")/COUNT(Predictions!$M$2:$M$105) -> 0.48076923
A16: Stability: RMSE over 20 repeats of 10-fold CV (Python)
A17: Mean | B17: 1.5662928
A18: Standard deviation | B18: 0.028030786

Sheet Chart Data
A1: Helper data for the charts
A3: Reference line y = x (actual vs predicted chart)
A4: x | B4: y
A5: -4 | B5: =A5 -> -4
A6: 6 | B6: =A6 -> 6
